INSERT INTO kontenrahmen (id, name) VALUES (1, 'SKR 03');

INSERT INTO konto (id, kontoart, kontonummer, name, kontenrahmen_id, steuer_id) VALUES (1, 4, '0027', 'EDV-Software', 1, 1);
INSERT INTO konto (id, kontoart, kontonummer, name, kontenrahmen_id, steuer_id) VALUES (2, 4, '0050', 'Grundstücke und Bauten', 1, 1);
INSERT INTO konto (id, kontoart, kontonummer, name, kontenrahmen_id, steuer_id) VALUES (3, 4, '0110', 'Garagen', 1, 1);
INSERT INTO konto (id, kontoart, kontonummer, name, kontenrahmen_id, steuer_id) VALUES (4, 4, '0112', 'Hof- und Wegbefestigungen', 1, 1);
INSERT INTO konto (id, kontoart, kontonummer, name, kontenrahmen_id, steuer_id) VALUES (5, 4, '0113', 'Einrichtungen für Geschäfts- und Fabrikbauten', 1, 1);
INSERT INTO konto (id, kontoart, kontonummer, name, kontenrahmen_id, steuer_id) VALUES (6, 4, '0115', 'Andere Bauten', 1, 1);
INSERT INTO konto (id, kontoart, kontonummer, name, kontenrahmen_id, steuer_id) VALUES (7, 4, '0140', 'Wohnbauten', 1, 1);
INSERT INTO konto (id, kontoart, kontonummer, name, kontenrahmen_id, steuer_id) VALUES (8, 4, '0145', 'Garagen', 1, 1);
INSERT INTO konto (id, kontoart, kontonummer, name, kontenrahmen_id, steuer_id) VALUES (9, 4, '0146', 'Außenanlagen', 1, 1);
INSERT INTO konto (id, kontoart, kontonummer, name, kontenrahmen_id, steuer_id) VALUES (10, 4, '0147', 'Hof- und Wegbefestigungen', 1, 1);
INSERT INTO konto (id, kontoart, kontonummer, name, kontenrahmen_id, steuer_id) VALUES (11, 4, '0148', 'Einrichtungen für Wohnbauten', 1, 1);
INSERT INTO konto (id, kontoart, kontonummer, name, kontenrahmen_id, steuer_id) VALUES (12, 4, '0165', 'Geschäftsbauten', 1, 1);
INSERT INTO konto (id, kontoart, kontonummer, name, kontenrahmen_id, steuer_id) VALUES (13, 4, '0170', 'Fabrikbauten', 1, 1);
INSERT INTO konto (id, kontoart, kontonummer, name, kontenrahmen_id, steuer_id) VALUES (14, 4, '0210', 'Maschinen', 1, 1);
INSERT INTO konto (id, kontoart, kontonummer, name, kontenrahmen_id, steuer_id) VALUES (15, 4, '0220', 'Maschinengebundene Werkzeuge', 1, 1);
INSERT INTO konto (id, kontoart, kontonummer, name, kontenrahmen_id, steuer_id) VALUES (16, 4, '0240', 'Maschinelle Anlagen', 1, 1);
INSERT INTO konto (id, kontoart, kontonummer, name, kontenrahmen_id, steuer_id) VALUES (17, 4, '0260', 'Transportanlagen u. ä.', 1, 1);
INSERT INTO konto (id, kontoart, kontonummer, name, kontenrahmen_id, steuer_id) VALUES (18, 4, '0280', 'Betriebsvorrichtungen', 1, 1);
INSERT INTO konto (id, kontoart, kontonummer, name, kontenrahmen_id, steuer_id) VALUES (19, 4, '0300', 'Andere Anlagen, Betriebs- und Geschäftsausstattun', 1, 1);
INSERT INTO konto (id, kontoart, kontonummer, name, kontenrahmen_id, steuer_id) VALUES (20, 4, '0310', 'Andere Anlagen', 1, 1);
INSERT INTO konto (id, kontoart, kontonummer, name, kontenrahmen_id, steuer_id) VALUES (21, 4, '0320', 'Pkw', 1, 1);
INSERT INTO konto (id, kontoart, kontonummer, name, kontenrahmen_id, steuer_id) VALUES (22, 4, '0350', 'Lkw', 1, 1);
INSERT INTO konto (id, kontoart, kontonummer, name, kontenrahmen_id, steuer_id) VALUES (23, 4, '0380', 'Sonstige Transportmittel', 1, 1);
INSERT INTO konto (id, kontoart, kontonummer, name, kontenrahmen_id, steuer_id) VALUES (24, 4, '0400', 'Betriebsausstattung', 1, 1);
INSERT INTO konto (id, kontoart, kontonummer, name, kontenrahmen_id, steuer_id) VALUES (25, 4, '0410', 'Geschäftausstattung', 1, 1);
INSERT INTO konto (id, kontoart, kontonummer, name, kontenrahmen_id, steuer_id) VALUES (26, 4, '0420', 'Büroeinrichtung', 1, 1);
INSERT INTO konto (id, kontoart, kontonummer, name, kontenrahmen_id, steuer_id) VALUES (27, 4, '0430', 'Ladeneinrichtung', 1, 1);
INSERT INTO konto (id, kontoart, kontonummer, name, kontenrahmen_id, steuer_id) VALUES (28, 4, '0440', 'Werkzeuge', 1, 1);
INSERT INTO konto (id, kontoart, kontonummer, name, kontenrahmen_id, steuer_id) VALUES (29, 4, '0480', 'Geringwertige Wirtschaftsgüter bis EUR 400.-', 1, 1);
INSERT INTO konto (id, kontoart, kontonummer, name, kontenrahmen_id, steuer_id) VALUES (30, 4, '0490', 'Sonstige Betriebs- und Geschäftsausstattung', 1, 1);
INSERT INTO konto (id, kontoart, kontonummer, name, kontenrahmen_id, steuer_id) VALUES (31, 3, '1000', 'Kasse', 1, NULL);
INSERT INTO konto (id, kontoart, kontonummer, name, kontenrahmen_id, steuer_id) VALUES (32, 3, '1100', 'Postgiro', 1, NULL);
INSERT INTO konto (id, kontoart, kontonummer, name, kontenrahmen_id, steuer_id) VALUES (33, 3, '1200', 'Bank', 1, NULL);
INSERT INTO konto (id, kontoart, kontonummer, name, kontenrahmen_id, steuer_id) VALUES (34, 3, '1360', 'Geldtransit', 1, NULL);
INSERT INTO konto (id, kontoart, kontonummer, name, kontenrahmen_id, steuer_id) VALUES (35, 3, '1370', 'Verrechnungskonto Gewinnermittlung § 4 Abs.3 EStG', 1, NULL);
INSERT INTO konto (id, kontoart, kontonummer, name, kontenrahmen_id, steuer_id) VALUES (36, 6, '1570', 'Abziehbare Vorsteuer', 1, NULL);
INSERT INTO konto (id, kontoart, kontonummer, name, kontenrahmen_id, steuer_id) VALUES (37, 6, '1571', 'Abziehbare Vorsteuer 7 %', 1, NULL);
INSERT INTO konto (id, kontoart, kontonummer, name, kontenrahmen_id, steuer_id) VALUES (38, 6, '1572', 'Abziehbare Vorsteuer aus innergem. Erwerb 7%', 1, NULL);
INSERT INTO konto (id, kontoart, kontonummer, name, kontenrahmen_id, steuer_id) VALUES (39, 6, '1573', 'Abziehbare Vorsteuer aus innergem. Erwerb 16%', 1, NULL);
INSERT INTO konto (id, kontoart, kontonummer, name, kontenrahmen_id, steuer_id) VALUES (40, 6, '1574', 'Abz.Vorst.a.innerg.Erwerb v.Liefer.o. USt-ID-Nr', 1, NULL);
INSERT INTO konto (id, kontoart, kontonummer, name, kontenrahmen_id, steuer_id) VALUES (41, 6, '1576', 'Abziehbare Vorsteuer 16%', 1, NULL);
INSERT INTO konto (id, kontoart, kontonummer, name, kontenrahmen_id, steuer_id) VALUES (42, 6, '1588', 'Bezahlte Einfuhrumsatzsteuer', 1, NULL);
INSERT INTO konto (id, kontoart, kontonummer, name, kontenrahmen_id, steuer_id) VALUES (43, 6, '1590', 'Durchlaufende Posten', 1, NULL);
INSERT INTO konto (id, kontoart, kontonummer, name, kontenrahmen_id, steuer_id) VALUES (44, 6, '1700', 'Sonstige Verbindlichkeiten', 1, NULL);
INSERT INTO konto (id, kontoart, kontonummer, name, kontenrahmen_id, steuer_id) VALUES (45, 6, '1770', 'Umsatzsteuer', 1, NULL);
INSERT INTO konto (id, kontoart, kontonummer, name, kontenrahmen_id, steuer_id) VALUES (46, 6, '1772', 'Umsatzsteuer aus innergem. Erwerb 7%', 1, NULL);
INSERT INTO konto (id, kontoart, kontonummer, name, kontenrahmen_id, steuer_id) VALUES (47, 6, '1773', 'Umsatzsteuer aus innergem. Erwerb 16%', 1, NULL);
INSERT INTO konto (id, kontoart, kontonummer, name, kontenrahmen_id, steuer_id) VALUES (48, 6, '1774', 'USt aus innerg. Erwerb von Lief. ohne USt-ID-Nr', 1, NULL);
INSERT INTO konto (id, kontoart, kontonummer, name, kontenrahmen_id, steuer_id) VALUES (49, 6, '1780', 'Umsatzsteuer-Vorauszahlungen', 1, NULL);
INSERT INTO konto (id, kontoart, kontonummer, name, kontenrahmen_id, steuer_id) VALUES (50, 6, '1789', 'Umsatzsteuer laufendes Jahr', 1, NULL);
INSERT INTO konto (id, kontoart, kontonummer, name, kontenrahmen_id, steuer_id) VALUES (51, 6, '1790', 'Umsatzsteuer Vorjahr', 1, NULL);
INSERT INTO konto (id, kontoart, kontonummer, name, kontenrahmen_id, steuer_id) VALUES (52, 6, '1791', 'Umsatzsteuer frühere Jahre', 1, NULL);
INSERT INTO konto (id, kontoart, kontonummer, name, kontenrahmen_id, steuer_id) VALUES (53, 5, '1800', 'Privatentnahmen', 1, 3);
INSERT INTO konto (id, kontoart, kontonummer, name, kontenrahmen_id, steuer_id) VALUES (54, 5, '1810', 'Privatsteuern', 1, 1);
INSERT INTO konto (id, kontoart, kontonummer, name, kontenrahmen_id, steuer_id) VALUES (55, 5, '1820', 'Sonderausgaben', 1, 1);
INSERT INTO konto (id, kontoart, kontonummer, name, kontenrahmen_id, steuer_id) VALUES (56, 5, '1850', 'Außergewöhnliche Belastungen', 1, 1);
INSERT INTO konto (id, kontoart, kontonummer, name, kontenrahmen_id, steuer_id) VALUES (57, 5, '1880', 'Eigenverbrauch', 1, 1);
INSERT INTO konto (id, kontoart, kontonummer, name, kontenrahmen_id, steuer_id) VALUES (58, 5, '1890', 'Privateinlagen', 1, 1);
INSERT INTO konto (id, kontoart, kontonummer, name, kontenrahmen_id, steuer_id) VALUES (59, 2, '2100', 'Zinsen und ähnliche Aufwendungen', 1, 1);
INSERT INTO konto (id, kontoart, kontonummer, name, kontenrahmen_id, steuer_id) VALUES (60, 2, '3100', 'Fremdleistungen', 1, 1);
INSERT INTO konto (id, kontoart, kontonummer, name, kontenrahmen_id, steuer_id) VALUES (61, 2, '3200', 'Wareneingang', 1, 1);
INSERT INTO konto (id, kontoart, kontonummer, name, kontenrahmen_id, steuer_id) VALUES (62, 2, '3300', 'Wareneingang 7% Vorsteuer', 1, 1);
INSERT INTO konto (id, kontoart, kontonummer, name, kontenrahmen_id, steuer_id) VALUES (63, 2, '3400', 'Wareneingang 16% Vorsteuer', 1, 1);
INSERT INTO konto (id, kontoart, kontonummer, name, kontenrahmen_id, steuer_id) VALUES (64, 2, '3420', 'Innergem. Erwerb 7% Vorst. und 7% Umsatzst.', 1, 1);
INSERT INTO konto (id, kontoart, kontonummer, name, kontenrahmen_id, steuer_id) VALUES (65, 2, '3425', 'Innergem. Erwerb 16% Vorst. und 16% Umsatzst.', 1, 1);
INSERT INTO konto (id, kontoart, kontonummer, name, kontenrahmen_id, steuer_id) VALUES (66, 2, '3430', 'Innergem. Erwerb ohne Vorsteuerabzug 7% USt', 1, 1);
INSERT INTO konto (id, kontoart, kontonummer, name, kontenrahmen_id, steuer_id) VALUES (67, 2, '3435', 'Innergem. Erwerb ohne Vorsteuerabzug 16% USt', 1, 1);
INSERT INTO konto (id, kontoart, kontonummer, name, kontenrahmen_id, steuer_id) VALUES (68, 2, '3440', 'Innergem. Erwerb von Nutzf. ohne USt-ID-Nr 16%', 1, 1);
INSERT INTO konto (id, kontoart, kontonummer, name, kontenrahmen_id, steuer_id) VALUES (69, 2, '3610', 'Nicht anrechenbare Vorsteuer  7%', 1, 1);
INSERT INTO konto (id, kontoart, kontonummer, name, kontenrahmen_id, steuer_id) VALUES (70, 2, '3660', 'Nicht anrechenbare Vorsteuer 16%', 1, 1);
INSERT INTO konto (id, kontoart, kontonummer, name, kontenrahmen_id, steuer_id) VALUES (71, 2, '4100', 'Löhne und Gehälter', 1, 1);
INSERT INTO konto (id, kontoart, kontonummer, name, kontenrahmen_id, steuer_id) VALUES (72, 2, '4110', 'Löhne', 1, 1);
INSERT INTO konto (id, kontoart, kontonummer, name, kontenrahmen_id, steuer_id) VALUES (73, 2, '4120', 'Gehälter', 1, 1);
INSERT INTO konto (id, kontoart, kontonummer, name, kontenrahmen_id, steuer_id) VALUES (74, 2, '4125', 'Ehegattengehalt', 1, 1);
INSERT INTO konto (id, kontoart, kontonummer, name, kontenrahmen_id, steuer_id) VALUES (75, 2, '4130', 'Gesetzliche soziale Aufwendungen', 1, 1);
INSERT INTO konto (id, kontoart, kontonummer, name, kontenrahmen_id, steuer_id) VALUES (76, 2, '4138', 'Beiträge zur Berufsgenossenschaft', 1, 1);
INSERT INTO konto (id, kontoart, kontonummer, name, kontenrahmen_id, steuer_id) VALUES (77, 2, '4190', 'Aushilfslöhne', 1, 1);
INSERT INTO konto (id, kontoart, kontonummer, name, kontenrahmen_id, steuer_id) VALUES (78, 2, '4199', 'Lohnsteuer für Aushilfen', 1, 1);
INSERT INTO konto (id, kontoart, kontonummer, name, kontenrahmen_id, steuer_id) VALUES (79, 2, '4200', 'Raumkosten', 1, 1);
INSERT INTO konto (id, kontoart, kontonummer, name, kontenrahmen_id, steuer_id) VALUES (80, 2, '4210', 'Miete', 1, 1);
INSERT INTO konto (id, kontoart, kontonummer, name, kontenrahmen_id, steuer_id) VALUES (81, 2, '4220', 'Pacht', 1, 1);
INSERT INTO konto (id, kontoart, kontonummer, name, kontenrahmen_id, steuer_id) VALUES (82, 2, '4230', 'Heizung', 1, 1);
INSERT INTO konto (id, kontoart, kontonummer, name, kontenrahmen_id, steuer_id) VALUES (83, 2, '4240', 'Gas, Strom, Wasser (Verwaltung, Vertrieb)', 1, 1);
INSERT INTO konto (id, kontoart, kontonummer, name, kontenrahmen_id, steuer_id) VALUES (84, 2, '4250', 'Reinigung', 1, 1);
INSERT INTO konto (id, kontoart, kontonummer, name, kontenrahmen_id, steuer_id) VALUES (85, 2, '4260', 'Instandhaltung betrieblicher Räume', 1, 1);
INSERT INTO konto (id, kontoart, kontonummer, name, kontenrahmen_id, steuer_id) VALUES (86, 2, '4280', 'Sonstige Raumkkosten', 1, 1);
INSERT INTO konto (id, kontoart, kontonummer, name, kontenrahmen_id, steuer_id) VALUES (87, 2, '4300', 'Nicht anrechenbare Vorsteuer', 1, 1);
INSERT INTO konto (id, kontoart, kontonummer, name, kontenrahmen_id, steuer_id) VALUES (88, 2, '4360', 'Versicherungen', 1, 1);
INSERT INTO konto (id, kontoart, kontonummer, name, kontenrahmen_id, steuer_id) VALUES (89, 2, '4380', 'Beiträge', 1, 1);
INSERT INTO konto (id, kontoart, kontonummer, name, kontenrahmen_id, steuer_id) VALUES (90, 2, '4390', 'Sonstige Abgaben', 1, 1);
INSERT INTO konto (id, kontoart, kontonummer, name, kontenrahmen_id, steuer_id) VALUES (91, 2, '4500', 'Fahrzeugkosten', 1, 1);
INSERT INTO konto (id, kontoart, kontonummer, name, kontenrahmen_id, steuer_id) VALUES (92, 2, '4510', 'Kfz-Steuern', 1, 1);
INSERT INTO konto (id, kontoart, kontonummer, name, kontenrahmen_id, steuer_id) VALUES (93, 2, '4520', 'Kfz-Versicherungen', 1, 1);
INSERT INTO konto (id, kontoart, kontonummer, name, kontenrahmen_id, steuer_id) VALUES (94, 2, '4530', 'Laufende Kfz-Betriebskosten', 1, 1);
INSERT INTO konto (id, kontoart, kontonummer, name, kontenrahmen_id, steuer_id) VALUES (95, 2, '4540', 'Kfz-Reparaturen', 1, 1);
INSERT INTO konto (id, kontoart, kontonummer, name, kontenrahmen_id, steuer_id) VALUES (96, 2, '4550', 'Garagenmieten', 1, 1);
INSERT INTO konto (id, kontoart, kontonummer, name, kontenrahmen_id, steuer_id) VALUES (97, 2, '4570', 'Fremdfahrzeuge', 1, 1);
INSERT INTO konto (id, kontoart, kontonummer, name, kontenrahmen_id, steuer_id) VALUES (98, 2, '4580', 'Sonstige Kfz-Kosten', 1, 1);
INSERT INTO konto (id, kontoart, kontonummer, name, kontenrahmen_id, steuer_id) VALUES (99, 2, '4610', 'Werbekosten', 1, 1);
INSERT INTO konto (id, kontoart, kontonummer, name, kontenrahmen_id, steuer_id) VALUES (100, 2, '4640', 'Repräsentationskosten', 1, 1);
INSERT INTO konto (id, kontoart, kontonummer, name, kontenrahmen_id, steuer_id) VALUES (101, 2, '4650', 'Bewirtungskosten', 1, 1);
INSERT INTO konto (id, kontoart, kontonummer, name, kontenrahmen_id, steuer_id) VALUES (102, 2, '4660', 'Reisekosten Arbeitnehmer', 1, 1);
INSERT INTO konto (id, kontoart, kontonummer, name, kontenrahmen_id, steuer_id) VALUES (103, 2, '4670', 'Reisekosten Unternehmer', 1, 1);
INSERT INTO konto (id, kontoart, kontonummer, name, kontenrahmen_id, steuer_id) VALUES (104, 2, '4710', 'Verpackungmaterial', 1, 1);
INSERT INTO konto (id, kontoart, kontonummer, name, kontenrahmen_id, steuer_id) VALUES (105, 2, '4780', 'Fremdarbeiten', 1, 1);
INSERT INTO konto (id, kontoart, kontonummer, name, kontenrahmen_id, steuer_id) VALUES (106, 2, '4800', 'Reparaturen und Instandhaltung von techn. Anlagen', 1, 1);
INSERT INTO konto (id, kontoart, kontonummer, name, kontenrahmen_id, steuer_id) VALUES (107, 2, '4805', 'Reparaturen und Instandhaltung BGA', 1, 1);
INSERT INTO konto (id, kontoart, kontonummer, name, kontenrahmen_id, steuer_id) VALUES (108, 2, '4809', 'Sonstige Reparaturen und Instandhaltungen', 1, 1);
INSERT INTO konto (id, kontoart, kontonummer, name, kontenrahmen_id, steuer_id) VALUES (109, 2, '4810', 'Mietleasing', 1, 1);
INSERT INTO konto (id, kontoart, kontonummer, name, kontenrahmen_id, steuer_id) VALUES (110, 2, '4815', 'Kaufleasing', 1, 1);
INSERT INTO konto (id, kontoart, kontonummer, name, kontenrahmen_id, steuer_id) VALUES (111, 2, '4820', 'Abschreibungen auf Aufwendungen für Ingangsetzung', 1, 1);
INSERT INTO konto (id, kontoart, kontonummer, name, kontenrahmen_id, steuer_id) VALUES (112, 2, '4855', 'Sofortabschreibung GWG\'s', 1, 1);
INSERT INTO konto (id, kontoart, kontonummer, name, kontenrahmen_id, steuer_id) VALUES (113, 2, '4900', 'Sonstige betriebliche Aufwendungen', 1, 1);
INSERT INTO konto (id, kontoart, kontonummer, name, kontenrahmen_id, steuer_id) VALUES (114, 2, '4910', 'Porto', 1, 1);
INSERT INTO konto (id, kontoart, kontonummer, name, kontenrahmen_id, steuer_id) VALUES (115, 2, '4920', 'Telefon', 1, 1);
INSERT INTO konto (id, kontoart, kontonummer, name, kontenrahmen_id, steuer_id) VALUES (116, 2, '4930', 'Bürobedarf', 1, 1);
INSERT INTO konto (id, kontoart, kontonummer, name, kontenrahmen_id, steuer_id) VALUES (117, 2, '4940', 'Zeitschriften, Bücher', 1, 1);
INSERT INTO konto (id, kontoart, kontonummer, name, kontenrahmen_id, steuer_id) VALUES (118, 2, '4950', 'Rechts- und Beratungskosten', 1, 1);
INSERT INTO konto (id, kontoart, kontonummer, name, kontenrahmen_id, steuer_id) VALUES (119, 2, '4955', 'Buchführungskosten', 1, 1);
INSERT INTO konto (id, kontoart, kontonummer, name, kontenrahmen_id, steuer_id) VALUES (120, 2, '4970', 'Kosten des Geldverkehrs', 1, 1);
INSERT INTO konto (id, kontoart, kontonummer, name, kontenrahmen_id, steuer_id) VALUES (121, 2, '4980', 'Betriebsbedarf', 1, 1);
INSERT INTO konto (id, kontoart, kontonummer, name, kontenrahmen_id, steuer_id) VALUES (122, 2, '4985', 'Werkzeuge und Kleingeräte', 1, 1);
INSERT INTO konto (id, kontoart, kontonummer, name, kontenrahmen_id, steuer_id) VALUES (123, 1, '8100', 'Steuerfreie Umsätze §4 Ziffer 8ff UStG', 1, 6);
INSERT INTO konto (id, kontoart, kontonummer, name, kontenrahmen_id, steuer_id) VALUES (124, 1, '8125', 'Steuerfreie innergem. Lieferungen §4 Nr. 1b UStG', 1, 6);
INSERT INTO konto (id, kontoart, kontonummer, name, kontenrahmen_id, steuer_id) VALUES (125, 1, '8128', 'Steuerfreie innergem. Lieferung, aktive Lohnver.', 1, 6);
INSERT INTO konto (id, kontoart, kontonummer, name, kontenrahmen_id, steuer_id) VALUES (126, 1, '8135', 'Steuerfreie innergem. Lieferung v. Neufahrzeugen', 1, 6);
INSERT INTO konto (id, kontoart, kontonummer, name, kontenrahmen_id, steuer_id) VALUES (127, 1, '8200', 'Erlöse', 1, 3);
INSERT INTO konto (id, kontoart, kontonummer, name, kontenrahmen_id, steuer_id) VALUES (128, 1, '8300', 'Erlöse 7% Umsatzsteuer', 1, 4);
INSERT INTO konto (id, kontoart, kontonummer, name, kontenrahmen_id, steuer_id) VALUES (129, 1, '8400', 'Erlöse 16% Umsatzsteuer', 1, 3);
INSERT INTO konto (id, kontoart, kontonummer, name, kontenrahmen_id, steuer_id) VALUES (130, 1, '8410', 'Erlöse 15% Umsatzsteuer', 1, 5);
INSERT INTO konto (id, kontoart, kontonummer, name, kontenrahmen_id, steuer_id) VALUES (131, 1, '8800', 'Erlöse aus Anlagenverkäufen', 1, 3);
INSERT INTO konto (id, kontoart, kontonummer, name, kontenrahmen_id, steuer_id) VALUES (132, 1, '8900', 'Eigenverbrauch', 1, 3);
INSERT INTO konto (id, kontoart, kontonummer, name, kontenrahmen_id, steuer_id) VALUES (133, 1, '8955', 'Umsatzsteuervergütungen', 1, 6);

INSERT INTO kontoart (id, name) VALUES (1, 'Einnahmen');
INSERT INTO kontoart (id, name) VALUES (2, 'Ausgaben');
INSERT INTO kontoart (id, name) VALUES (3, 'Geldkonto');
INSERT INTO kontoart (id, name) VALUES (4, 'Anlagevermögen');
INSERT INTO kontoart (id, name) VALUES (5, 'Privatkonto');
INSERT INTO kontoart (id, name) VALUES (6, 'Steuer-Sammelkonto');

INSERT INTO steuer (id, name, satz, steuerkonto_id) VALUES (1, 'Vorsteuer 16%', '16', 36);
INSERT INTO steuer (id, name, satz, steuerkonto_id) VALUES (2, 'Vorsteuer 7%', '7', 37);
INSERT INTO steuer (id, name, satz, steuerkonto_id) VALUES (3, 'Umsatzsteuer 16%', '16', 45);
INSERT INTO steuer (id, name, satz, steuerkonto_id) VALUES (4, 'Umsatzsteuer 7%', '7', 46);
INSERT INTO steuer (id, name, satz, steuerkonto_id) VALUES (5, 'Umsatzsteuer 15%', '15', 45);
INSERT INTO steuer (id, name, satz, steuerkonto_id) VALUES (6, 'Steuerfreie Umsätze', '0', 45);
    