INSERT INTO kontoart (id, name) VALUES (1, 'Einnahmen');
INSERT INTO kontoart (id, name) VALUES (2, 'Ausgaben');
INSERT INTO kontoart (id, name) VALUES (3, 'Geldkonto');
INSERT INTO kontoart (id, name) VALUES (4, 'Anlagevermögen');
INSERT INTO kontoart (id, name) VALUES (5, 'Privatkonto');
INSERT INTO kontoart (id, name) VALUES (6, 'Steuer-Sammelkonto');

INSERT INTO kontenrahmen (id,name) VALUES (1,'SKR 03');
INSERT INTO kontenrahmen (id,name) VALUES (2,'SKR 04');

-- Steuerkonten SKR03
INSERT INTO konto (id, kontoart_id, kontonummer, name, kontenrahmen_id, steuer_id) VALUES (1, 6, '1570', 'Abziehbare Vorsteuer', 1, NULL);
INSERT INTO konto (id, kontoart_id, kontonummer, name, kontenrahmen_id, steuer_id) VALUES (2, 6, '1571', 'Abziehbare Vorsteuer 7 %', 1, NULL);
INSERT INTO konto (id, kontoart_id, kontonummer, name, kontenrahmen_id, steuer_id) VALUES (3, 6, '1770', 'Umsatzsteuer', 1, NULL);

-- Steuern SKR03
INSERT INTO steuer (name, satz, steuerkonto_id) VALUES ('Vorsteuer 16%', '16', 1);
INSERT INTO steuer (name, satz, steuerkonto_id) VALUES ('Vorsteuer 7%', '7', 2);
INSERT INTO steuer (name, satz, steuerkonto_id) VALUES ('Umsatzsteuer 16%', '16', 3);
INSERT INTO steuer (name, satz, steuerkonto_id) VALUES ('Umsatzsteuer 15%', '15', 3);
INSERT INTO steuer (name, satz, steuerkonto_id) VALUES ('Steuerfreie Umsätze', '0', 3);


-- restliche SKR03-Konten
INSERT INTO konto (kontoart_id, kontonummer, name, kontenrahmen_id, steuer_id) VALUES (4, '0027', 'EDV-Software', 1, 1);
INSERT INTO konto (kontoart_id, kontonummer, name, kontenrahmen_id, steuer_id) VALUES (4, '0050', 'Grundstücke und Bauten', 1, 1);
INSERT INTO konto (kontoart_id, kontonummer, name, kontenrahmen_id, steuer_id) VALUES (4, '0110', 'Garagen', 1, 1);
INSERT INTO konto (kontoart_id, kontonummer, name, kontenrahmen_id, steuer_id) VALUES (4, '0112', 'Hof- und Wegbefestigungen', 1, 1);
INSERT INTO konto (kontoart_id, kontonummer, name, kontenrahmen_id, steuer_id) VALUES (4, '0113', 'Einrichtungen für Geschäfts- und Fabrikbauten', 1, 1);
INSERT INTO konto (kontoart_id, kontonummer, name, kontenrahmen_id, steuer_id) VALUES (4, '0115', 'Andere Bauten', 1, 1);
INSERT INTO konto (kontoart_id, kontonummer, name, kontenrahmen_id, steuer_id) VALUES (4, '0140', 'Wohnbauten', 1, 1);
INSERT INTO konto (kontoart_id, kontonummer, name, kontenrahmen_id, steuer_id) VALUES (4, '0145', 'Garagen', 1, 1);
INSERT INTO konto (kontoart_id, kontonummer, name, kontenrahmen_id, steuer_id) VALUES (4, '0146', 'Außenanlagen', 1, 1);
INSERT INTO konto (kontoart_id, kontonummer, name, kontenrahmen_id, steuer_id) VALUES (4, '0147', 'Hof- und Wegbefestigungen', 1, 1);
INSERT INTO konto (kontoart_id, kontonummer, name, kontenrahmen_id, steuer_id) VALUES (4, '0148', 'Einrichtungen für Wohnbauten', 1, 1);
INSERT INTO konto (kontoart_id, kontonummer, name, kontenrahmen_id, steuer_id) VALUES (4, '0165', 'Geschäftsbauten', 1, 1);
INSERT INTO konto (kontoart_id, kontonummer, name, kontenrahmen_id, steuer_id) VALUES (4, '0170', 'Fabrikbauten', 1, 1);
INSERT INTO konto (kontoart_id, kontonummer, name, kontenrahmen_id, steuer_id) VALUES (4, '0210', 'Maschinen', 1, 1);
INSERT INTO konto (kontoart_id, kontonummer, name, kontenrahmen_id, steuer_id) VALUES (4, '0220', 'Maschinengebundene Werkzeuge', 1, 1);
INSERT INTO konto (kontoart_id, kontonummer, name, kontenrahmen_id, steuer_id) VALUES (4, '0240', 'Maschinelle Anlagen', 1, 1);
INSERT INTO konto (kontoart_id, kontonummer, name, kontenrahmen_id, steuer_id) VALUES (4, '0260', 'Transportanlagen u. ä.', 1, 1);
INSERT INTO konto (kontoart_id, kontonummer, name, kontenrahmen_id, steuer_id) VALUES (4, '0280', 'Betriebsvorrichtungen', 1, 1);
INSERT INTO konto (kontoart_id, kontonummer, name, kontenrahmen_id, steuer_id) VALUES (4, '0300', 'Andere Anlagen, Betriebs- und Geschäftsausstattun', 1, 1);
INSERT INTO konto (kontoart_id, kontonummer, name, kontenrahmen_id, steuer_id) VALUES (4, '0310', 'Andere Anlagen', 1, 1);
INSERT INTO konto (kontoart_id, kontonummer, name, kontenrahmen_id, steuer_id) VALUES (4, '0320', 'Pkw', 1, 1);
INSERT INTO konto (kontoart_id, kontonummer, name, kontenrahmen_id, steuer_id) VALUES (4, '0350', 'Lkw', 1, 1);
INSERT INTO konto (kontoart_id, kontonummer, name, kontenrahmen_id, steuer_id) VALUES (4, '0380', 'Sonstige Transportmittel', 1, 1);
INSERT INTO konto (kontoart_id, kontonummer, name, kontenrahmen_id, steuer_id) VALUES (4, '0400', 'Betriebsausstattung', 1, 1);
INSERT INTO konto (kontoart_id, kontonummer, name, kontenrahmen_id, steuer_id) VALUES (4, '0410', 'Geschäftausstattung', 1, 1);
INSERT INTO konto (kontoart_id, kontonummer, name, kontenrahmen_id, steuer_id) VALUES (4, '0420', 'Büroeinrichtung', 1, 1);
INSERT INTO konto (kontoart_id, kontonummer, name, kontenrahmen_id, steuer_id) VALUES (4, '0430', 'Ladeneinrichtung', 1, 1);
INSERT INTO konto (kontoart_id, kontonummer, name, kontenrahmen_id, steuer_id) VALUES (4, '0440', 'Werkzeuge', 1, 1);
INSERT INTO konto (kontoart_id, kontonummer, name, kontenrahmen_id, steuer_id) VALUES (4, '0480', 'Geringwertige Wirtschaftsgüter bis EUR 400.-', 1, 1);
INSERT INTO konto (kontoart_id, kontonummer, name, kontenrahmen_id, steuer_id) VALUES (4, '0490', 'Sonstige Betriebs- und Geschäftsausstattung', 1, 1);
INSERT INTO konto (kontoart_id, kontonummer, name, kontenrahmen_id, steuer_id) VALUES (3, '1000', 'Kasse', 1, NULL);
INSERT INTO konto (kontoart_id, kontonummer, name, kontenrahmen_id, steuer_id) VALUES (3, '1100', 'Postgiro', 1, NULL);
INSERT INTO konto (kontoart_id, kontonummer, name, kontenrahmen_id, steuer_id) VALUES (3, '1200', 'Bank', 1, NULL);
INSERT INTO konto (kontoart_id, kontonummer, name, kontenrahmen_id, steuer_id) VALUES (3, '1360', 'Geldtransit', 1, NULL);
INSERT INTO konto (kontoart_id, kontonummer, name, kontenrahmen_id, steuer_id) VALUES (3, '1370', 'Verrechnungskonto Gewinnermittlung § 4 Abs.3 EStG', 1, NULL);
INSERT INTO konto (kontoart_id, kontonummer, name, kontenrahmen_id, steuer_id) VALUES (6, '1576', 'Abziehbare Vorsteuer 16%', 1, NULL);
INSERT INTO konto (kontoart_id, kontonummer, name, kontenrahmen_id, steuer_id) VALUES (6, '1590', 'Durchlaufende Posten', 1, NULL);
INSERT INTO konto (kontoart_id, kontonummer, name, kontenrahmen_id, steuer_id) VALUES (6, '1700', 'Sonstige Verbindlichkeiten', 1, NULL);
INSERT INTO konto (kontoart_id, kontonummer, name, kontenrahmen_id, steuer_id) VALUES (6, '1780', 'Umsatzsteuer-Vorauszahlungen', 1, NULL);
INSERT INTO konto (kontoart_id, kontonummer, name, kontenrahmen_id, steuer_id) VALUES (6, '1789', 'Umsatzsteuer laufendes Jahr', 1, NULL);
INSERT INTO konto (kontoart_id, kontonummer, name, kontenrahmen_id, steuer_id) VALUES (6, '1790', 'Umsatzsteuer Vorjahr', 1, NULL);
INSERT INTO konto (kontoart_id, kontonummer, name, kontenrahmen_id, steuer_id) VALUES (6, '1791', 'Umsatzsteuer frühere Jahre', 1, NULL);
INSERT INTO konto (kontoart_id, kontonummer, name, kontenrahmen_id, steuer_id) VALUES (5, '1800', 'Privatentnahmen', 1, 3);
INSERT INTO konto (kontoart_id, kontonummer, name, kontenrahmen_id, steuer_id) VALUES (5, '1810', 'Privatsteuern', 1, 1);
INSERT INTO konto (kontoart_id, kontonummer, name, kontenrahmen_id, steuer_id) VALUES (5, '1820', 'Sonderausgaben', 1, 1);
INSERT INTO konto (kontoart_id, kontonummer, name, kontenrahmen_id, steuer_id) VALUES (5, '1850', 'Außergewöhnliche Belastungen', 1, 1);
INSERT INTO konto (kontoart_id, kontonummer, name, kontenrahmen_id, steuer_id) VALUES (5, '1880', 'Eigenverbrauch', 1, 1);
INSERT INTO konto (kontoart_id, kontonummer, name, kontenrahmen_id, steuer_id) VALUES (5, '1890', 'Privateinlagen', 1, 1);
INSERT INTO konto (kontoart_id, kontonummer, name, kontenrahmen_id, steuer_id) VALUES (2, '2100', 'Zinsen und ähnliche Aufwendungen', 1, 1);
INSERT INTO konto (kontoart_id, kontonummer, name, kontenrahmen_id, steuer_id) VALUES (2, '3100', 'Fremdleistungen', 1, 1);
INSERT INTO konto (kontoart_id, kontonummer, name, kontenrahmen_id, steuer_id) VALUES (2, '3200', 'Wareneingang', 1, 1);
INSERT INTO konto (kontoart_id, kontonummer, name, kontenrahmen_id, steuer_id) VALUES (2, '3300', 'Wareneingang 7% Vorsteuer', 1, 1);
INSERT INTO konto (kontoart_id, kontonummer, name, kontenrahmen_id, steuer_id) VALUES (2, '3400', 'Wareneingang 16% Vorsteuer', 1, 1);
INSERT INTO konto (kontoart_id, kontonummer, name, kontenrahmen_id, steuer_id) VALUES (2, '4100', 'Löhne und Gehälter', 1, 1);
INSERT INTO konto (kontoart_id, kontonummer, name, kontenrahmen_id, steuer_id) VALUES (2, '4110', 'Löhne', 1, 1);
INSERT INTO konto (kontoart_id, kontonummer, name, kontenrahmen_id, steuer_id) VALUES (2, '4120', 'Gehälter', 1, 1);
INSERT INTO konto (kontoart_id, kontonummer, name, kontenrahmen_id, steuer_id) VALUES (2, '4125', 'Ehegattengehalt', 1, 1);
INSERT INTO konto (kontoart_id, kontonummer, name, kontenrahmen_id, steuer_id) VALUES (2, '4130', 'Gesetzliche soziale Aufwendungen', 1, 1);
INSERT INTO konto (kontoart_id, kontonummer, name, kontenrahmen_id, steuer_id) VALUES (2, '4138', 'Beiträge zur Berufsgenossenschaft', 1, 1);
INSERT INTO konto (kontoart_id, kontonummer, name, kontenrahmen_id, steuer_id) VALUES (2, '4190', 'Aushilfslöhne', 1, 1);
INSERT INTO konto (kontoart_id, kontonummer, name, kontenrahmen_id, steuer_id) VALUES (2, '4199', 'Lohnsteuer für Aushilfen', 1, 1);
INSERT INTO konto (kontoart_id, kontonummer, name, kontenrahmen_id, steuer_id) VALUES (2, '4200', 'Raumkosten', 1, 1);
INSERT INTO konto (kontoart_id, kontonummer, name, kontenrahmen_id, steuer_id) VALUES (2, '4210', 'Miete', 1, 1);
INSERT INTO konto (kontoart_id, kontonummer, name, kontenrahmen_id, steuer_id) VALUES (2, '4220', 'Pacht', 1, 1);
INSERT INTO konto (kontoart_id, kontonummer, name, kontenrahmen_id, steuer_id) VALUES (2, '4230', 'Heizung', 1, 1);
INSERT INTO konto (kontoart_id, kontonummer, name, kontenrahmen_id, steuer_id) VALUES (2, '4240', 'Gas, Strom, Wasser (Verwaltung, Vertrieb)', 1, 1);
INSERT INTO konto (kontoart_id, kontonummer, name, kontenrahmen_id, steuer_id) VALUES (2, '4250', 'Reinigung', 1, 1);
INSERT INTO konto (kontoart_id, kontonummer, name, kontenrahmen_id, steuer_id) VALUES (2, '4260', 'Instandhaltung betrieblicher Räume', 1, 1);
INSERT INTO konto (kontoart_id, kontonummer, name, kontenrahmen_id, steuer_id) VALUES (2, '4280', 'Sonstige Raumkkosten', 1, 1);
INSERT INTO konto (kontoart_id, kontonummer, name, kontenrahmen_id, steuer_id) VALUES (2, '4300', 'Nicht anrechenbare Vorsteuer', 1, 1);
INSERT INTO konto (kontoart_id, kontonummer, name, kontenrahmen_id, steuer_id) VALUES (2, '4360', 'Versicherungen', 1, 1);
INSERT INTO konto (kontoart_id, kontonummer, name, kontenrahmen_id, steuer_id) VALUES (2, '4380', 'Beiträge', 1, 1);
INSERT INTO konto (kontoart_id, kontonummer, name, kontenrahmen_id, steuer_id) VALUES (2, '4390', 'Sonstige Abgaben', 1, 1);
INSERT INTO konto (kontoart_id, kontonummer, name, kontenrahmen_id, steuer_id) VALUES (2, '4500', 'Fahrzeugkosten', 1, 1);
INSERT INTO konto (kontoart_id, kontonummer, name, kontenrahmen_id, steuer_id) VALUES (2, '4510', 'Kfz-Steuern', 1, 1);
INSERT INTO konto (kontoart_id, kontonummer, name, kontenrahmen_id, steuer_id) VALUES (2, '4520', 'Kfz-Versicherungen', 1, 1);
INSERT INTO konto (kontoart_id, kontonummer, name, kontenrahmen_id, steuer_id) VALUES (2, '4530', 'Laufende Kfz-Betriebskosten', 1, 1);
INSERT INTO konto (kontoart_id, kontonummer, name, kontenrahmen_id, steuer_id) VALUES (2, '4540', 'Kfz-Reparaturen', 1, 1);
INSERT INTO konto (kontoart_id, kontonummer, name, kontenrahmen_id, steuer_id) VALUES (2, '4550', 'Garagenmieten', 1, 1);
INSERT INTO konto (kontoart_id, kontonummer, name, kontenrahmen_id, steuer_id) VALUES (2, '4570', 'Fremdfahrzeuge', 1, 1);
INSERT INTO konto (kontoart_id, kontonummer, name, kontenrahmen_id, steuer_id) VALUES (2, '4580', 'Sonstige Kfz-Kosten', 1, 1);
INSERT INTO konto (kontoart_id, kontonummer, name, kontenrahmen_id, steuer_id) VALUES (2, '4610', 'Werbekosten', 1, 1);
INSERT INTO konto (kontoart_id, kontonummer, name, kontenrahmen_id, steuer_id) VALUES (2, '4640', 'Repräsentationskosten', 1, 1);
INSERT INTO konto (kontoart_id, kontonummer, name, kontenrahmen_id, steuer_id) VALUES (2, '4650', 'Bewirtungskosten', 1, 1);
INSERT INTO konto (kontoart_id, kontonummer, name, kontenrahmen_id, steuer_id) VALUES (2, '4660', 'Reisekosten Arbeitnehmer', 1, 1);
INSERT INTO konto (kontoart_id, kontonummer, name, kontenrahmen_id, steuer_id) VALUES (2, '4670', 'Reisekosten Unternehmer', 1, 1);
INSERT INTO konto (kontoart_id, kontonummer, name, kontenrahmen_id, steuer_id) VALUES (2, '4710', 'Verpackungmaterial', 1, 1);
INSERT INTO konto (kontoart_id, kontonummer, name, kontenrahmen_id, steuer_id) VALUES (2, '4780', 'Fremdarbeiten', 1, 1);
INSERT INTO konto (kontoart_id, kontonummer, name, kontenrahmen_id, steuer_id) VALUES (2, '4800', 'Reparaturen und Instandhaltung von techn. Anlagen', 1, 1);
INSERT INTO konto (kontoart_id, kontonummer, name, kontenrahmen_id, steuer_id) VALUES (2, '4805', 'Reparaturen und Instandhaltung BGA', 1, 1);
INSERT INTO konto (kontoart_id, kontonummer, name, kontenrahmen_id, steuer_id) VALUES (2, '4809', 'Sonstige Reparaturen und Instandhaltungen', 1, 1);
INSERT INTO konto (kontoart_id, kontonummer, name, kontenrahmen_id, steuer_id) VALUES (2, '4810', 'Mietleasing', 1, 1);
INSERT INTO konto (kontoart_id, kontonummer, name, kontenrahmen_id, steuer_id) VALUES (2, '4815', 'Kaufleasing', 1, 1);
INSERT INTO konto (kontoart_id, kontonummer, name, kontenrahmen_id, steuer_id) VALUES (2, '4820', 'Abschreibungen auf Aufwendungen für Ingangsetzung', 1, 1);
INSERT INTO konto (kontoart_id, kontonummer, name, kontenrahmen_id, steuer_id) VALUES (2, '4855', 'Sofortabschreibung GWGs', 1, 1);
INSERT INTO konto (kontoart_id, kontonummer, name, kontenrahmen_id, steuer_id) VALUES (2, '4900', 'Sonstige betriebliche Aufwendungen', 1, 1);
INSERT INTO konto (kontoart_id, kontonummer, name, kontenrahmen_id, steuer_id) VALUES (2, '4910', 'Porto', 1, 1);
INSERT INTO konto (kontoart_id, kontonummer, name, kontenrahmen_id, steuer_id) VALUES (2, '4920', 'Telefon', 1, 1);
INSERT INTO konto (kontoart_id, kontonummer, name, kontenrahmen_id, steuer_id) VALUES (2, '4930', 'Bürobedarf', 1, 1);
INSERT INTO konto (kontoart_id, kontonummer, name, kontenrahmen_id, steuer_id) VALUES (2, '4940', 'Zeitschriften, Bücher', 1, 1);
INSERT INTO konto (kontoart_id, kontonummer, name, kontenrahmen_id, steuer_id) VALUES (2, '4950', 'Rechts- und Beratungskosten', 1, 1);
INSERT INTO konto (kontoart_id, kontonummer, name, kontenrahmen_id, steuer_id) VALUES (2, '4955', 'Buchführungskosten', 1, 1);
INSERT INTO konto (kontoart_id, kontonummer, name, kontenrahmen_id, steuer_id) VALUES (2, '4970', 'Kosten des Geldverkehrs', 1, 1);
INSERT INTO konto (kontoart_id, kontonummer, name, kontenrahmen_id, steuer_id) VALUES (2, '4980', 'Betriebsbedarf', 1, 1);
INSERT INTO konto (kontoart_id, kontonummer, name, kontenrahmen_id, steuer_id) VALUES (2, '4985', 'Werkzeuge und Kleingeräte', 1, 1);
INSERT INTO konto (kontoart_id, kontonummer, name, kontenrahmen_id, steuer_id) VALUES (1, '8100', 'Steuerfreie Umsätze', 1, 6);
INSERT INTO konto (kontoart_id, kontonummer, name, kontenrahmen_id, steuer_id) VALUES (1, '8200', 'Erlöse', 1, 3);
INSERT INTO konto (kontoart_id, kontonummer, name, kontenrahmen_id, steuer_id) VALUES (1, '8300', 'Erlöse 7% Umsatzsteuer', 1, 4);
INSERT INTO konto (kontoart_id, kontonummer, name, kontenrahmen_id, steuer_id) VALUES (1, '8400', 'Erlöse 16% Umsatzsteuer', 1, 3);
INSERT INTO konto (kontoart_id, kontonummer, name, kontenrahmen_id, steuer_id) VALUES (1, '8800', 'Erlöse aus Anlagenverkäufen', 1, 3);
INSERT INTO konto (kontoart_id, kontonummer, name, kontenrahmen_id, steuer_id) VALUES (1, '8900', 'Eigenverbrauch', 1, 3);
INSERT INTO konto (kontoart_id, kontonummer, name, kontenrahmen_id, steuer_id) VALUES (1, '8955', 'Umsatzsteuervergütungen', 1, 6);



-- Steuerkonten SKR04
INSERT INTO konto (id,kontoart_id, kontonummer, name, kontenrahmen_id, steuer_id) VALUES (1001, 6, '1400', 'Abziehbare Vorsteuer', 2, NULL);
INSERT INTO konto (id,kontoart_id, kontonummer, name, kontenrahmen_id, steuer_id) VALUES (1002, 6, '1401', 'Abziehbare Vorsteuer 7 %', 2, NULL);
INSERT INTO konto (id,kontoart_id, kontonummer, name, kontenrahmen_id, steuer_id) VALUES (1003, 6, '3800', 'Umsatzsteuer', 2, NULL);

-- Steuern SKR04
INSERT INTO steuer (name, satz, steuerkonto_id) VALUES ('Vorsteuer 16%', '16', 1001);
INSERT INTO steuer (name, satz, steuerkonto_id) VALUES ('Vorsteuer 7%', '7', 1002);
INSERT INTO steuer (name, satz, steuerkonto_id) VALUES ('Umsatzsteuer 16%', '16', 1003);
INSERT INTO steuer (name, satz, steuerkonto_id) VALUES ('Umsatzsteuer 15%', '15', 1003);
INSERT INTO steuer (name, satz, steuerkonto_id) VALUES ('Steuerfreie Umsätze', '0', 1003);

-- Restliche SKR04-Konten
INSERT INTO konto (kontoart_id, kontonummer, name, kontenrahmen_id, steuer_id) VALUES (4, '0135', 'EDV-Software', 2, 1);
INSERT INTO konto (kontoart_id, kontonummer, name, kontenrahmen_id, steuer_id) VALUES (4, '0200', 'Grundstücke und Bauten', 2, 1);
INSERT INTO konto (kontoart_id, kontonummer, name, kontenrahmen_id, steuer_id) VALUES (4, '0270', 'Garagen', 2, 1);
INSERT INTO konto (kontoart_id, kontonummer, name, kontenrahmen_id, steuer_id) VALUES (4, '0285', 'Hof- und Wegbefestigungen', 2, 1);
INSERT INTO konto (kontoart_id, kontonummer, name, kontenrahmen_id, steuer_id) VALUES (4, '0290', 'Einrichtungen für Geschäfts- und Fabrikbauten', 2, 1);
INSERT INTO konto (kontoart_id, kontonummer, name, kontenrahmen_id, steuer_id) VALUES (4, '0370', 'Andere Bauten', 2, 1);
INSERT INTO konto (kontoart_id, kontonummer, name, kontenrahmen_id, steuer_id) VALUES (4, '0360', 'Wohnbauten', 2, 1);
INSERT INTO konto (kontoart_id, kontonummer, name, kontenrahmen_id, steuer_id) VALUES (4, '0305', 'Garagen', 2, 1);
INSERT INTO konto (kontoart_id, kontonummer, name, kontenrahmen_id, steuer_id) VALUES (4, '0310', 'Außenanlagen', 2, 1);
INSERT INTO konto (kontoart_id, kontonummer, name, kontenrahmen_id, steuer_id) VALUES (4, '0315', 'Hof- und Wegbefestigungen', 2, 1);
INSERT INTO konto (kontoart_id, kontonummer, name, kontenrahmen_id, steuer_id) VALUES (4, '0320', 'Einrichtungen für Wohnbauten', 2, 1);
INSERT INTO konto (kontoart_id, kontonummer, name, kontenrahmen_id, steuer_id) VALUES (4, '0240', 'Geschäftsbauten', 2, 1);
INSERT INTO konto (kontoart_id, kontonummer, name, kontenrahmen_id, steuer_id) VALUES (4, '0250', 'Fabrikbauten', 2, 1);
INSERT INTO konto (kontoart_id, kontonummer, name, kontenrahmen_id, steuer_id) VALUES (4, '0440', 'Maschinen', 2, 1);
INSERT INTO konto (kontoart_id, kontonummer, name, kontenrahmen_id, steuer_id) VALUES (4, '0460', 'Maschinengebundene Werkzeuge', 2, 1);
INSERT INTO konto (kontoart_id, kontonummer, name, kontenrahmen_id, steuer_id) VALUES (4, '0420', 'Technische Anlagen', 2, 1);
INSERT INTO konto (kontoart_id, kontonummer, name, kontenrahmen_id, steuer_id) VALUES (4, '0510', 'Andere Anlagen', 2, 1);
INSERT INTO konto (kontoart_id, kontonummer, name, kontenrahmen_id, steuer_id) VALUES (4, '0470', 'Betriebsvorrichtungen', 2, 1);
INSERT INTO konto (kontoart_id, kontonummer, name, kontenrahmen_id, steuer_id) VALUES (4, '0500', 'Andere Anlagen, Betriebs- und Geschäftsausstattun', 2, 1);
INSERT INTO konto (kontoart_id, kontonummer, name, kontenrahmen_id, steuer_id) VALUES (4, '0520', 'Pkw', 2, 1);
INSERT INTO konto (kontoart_id, kontonummer, name, kontenrahmen_id, steuer_id) VALUES (4, '0540', 'Lkw', 2, 1);
INSERT INTO konto (kontoart_id, kontonummer, name, kontenrahmen_id, steuer_id) VALUES (4, '0560', 'Sonstige Transportmittel', 2, 1);
INSERT INTO konto (kontoart_id, kontonummer, name, kontenrahmen_id, steuer_id) VALUES (2, '6220', 'Abschreibungen', 2, 1);
INSERT INTO konto (kontoart_id, kontonummer, name, kontenrahmen_id, steuer_id) VALUES (4, '0650', 'Büroeinrichtung', 2, 1);
INSERT INTO konto (kontoart_id, kontonummer, name, kontenrahmen_id, steuer_id) VALUES (4, '0640', 'Ladeneinrichtung', 2, 1);
INSERT INTO konto (kontoart_id, kontonummer, name, kontenrahmen_id, steuer_id) VALUES (4, '0620', 'Werkzeuge', 2, 1);
INSERT INTO konto (kontoart_id, kontonummer, name, kontenrahmen_id, steuer_id) VALUES (4, '0670', 'Geringwertige Wirtschaftsgüter bis EUR 400.-', 2, 1);
INSERT INTO konto (kontoart_id, kontonummer, name, kontenrahmen_id, steuer_id) VALUES (4, '0690', 'Sonstige Betriebs- und Geschäftsausstattung', 2, 1);
INSERT INTO konto (kontoart_id, kontonummer, name, kontenrahmen_id, steuer_id) VALUES (3, '1600', 'Kasse', 2, NULL);
INSERT INTO konto (kontoart_id, kontonummer, name, kontenrahmen_id, steuer_id) VALUES (3, '1700', 'Postgiro', 2, NULL);
INSERT INTO konto (kontoart_id, kontonummer, name, kontenrahmen_id, steuer_id) VALUES (3, '1800', 'Bank', 2, NULL);
INSERT INTO konto (kontoart_id, kontonummer, name, kontenrahmen_id, steuer_id) VALUES (3, '1460', 'Geldtransit', 2, NULL);
INSERT INTO konto (kontoart_id, kontonummer, name, kontenrahmen_id, steuer_id) VALUES (3, '1485', 'Verrechnungskonto Gewinnermittlung § 4 Abs.3 EStG', 2, NULL);
INSERT INTO konto (kontoart_id, kontonummer, name, kontenrahmen_id, steuer_id) VALUES (6, '1406', 'Abziehbare Vorsteuer 16%', 2, NULL);
INSERT INTO konto (kontoart_id, kontonummer, name, kontenrahmen_id, steuer_id) VALUES (6, '1370', 'Durchlaufende Posten', 2, NULL);
INSERT INTO konto (kontoart_id, kontonummer, name, kontenrahmen_id, steuer_id) VALUES (6, '3500', 'Sonstige Verbindlichkeiten', 2, NULL);
INSERT INTO konto (kontoart_id, kontonummer, name, kontenrahmen_id, steuer_id) VALUES (6, '3820', 'Umsatzsteuer-Vorauszahlungen', 2, NULL);
INSERT INTO konto (kontoart_id, kontonummer, name, kontenrahmen_id, steuer_id) VALUES (6, '3840', 'Umsatzsteuer laufendes Jahr', 2, NULL);
INSERT INTO konto (kontoart_id, kontonummer, name, kontenrahmen_id, steuer_id) VALUES (6, '3841', 'Umsatzsteuer Vorjahr', 2, NULL);
INSERT INTO konto (kontoart_id, kontonummer, name, kontenrahmen_id, steuer_id) VALUES (6, '3845', 'Umsatzsteuer frühere Jahre', 2, NULL);
INSERT INTO konto (kontoart_id, kontonummer, name, kontenrahmen_id, steuer_id) VALUES (5, '2100', 'Privatentnahmen', 2, 3);
INSERT INTO konto (kontoart_id, kontonummer, name, kontenrahmen_id, steuer_id) VALUES (5, '2550', 'Privatsteuern', 2, 1);
INSERT INTO konto (kontoart_id, kontonummer, name, kontenrahmen_id, steuer_id) VALUES (5, '2200', 'Sonderausgaben', 2, 1);
INSERT INTO konto (kontoart_id, kontonummer, name, kontenrahmen_id, steuer_id) VALUES (5, '2280', 'Außergewöhnliche Belastungen', 2, 1);
INSERT INTO konto (kontoart_id, kontonummer, name, kontenrahmen_id, steuer_id) VALUES (5, '2130', 'Eigenverbrauch', 2, 1);
INSERT INTO konto (kontoart_id, kontonummer, name, kontenrahmen_id, steuer_id) VALUES (5, '2180', 'Privateinlagen', 2, 1);
INSERT INTO konto (kontoart_id, kontonummer, name, kontenrahmen_id, steuer_id) VALUES (2, '7300', 'Zinsen und ähnliche Aufwendungen', 2, 1);
INSERT INTO konto (kontoart_id, kontonummer, name, kontenrahmen_id, steuer_id) VALUES (2, '5900', 'Fremdleistungen', 2, 1);
INSERT INTO konto (kontoart_id, kontonummer, name, kontenrahmen_id, steuer_id) VALUES (2, '5400', 'Wareneingang', 2, 1);
INSERT INTO konto (kontoart_id, kontonummer, name, kontenrahmen_id, steuer_id) VALUES (2, '5300', 'Wareneingang 7% Vorsteuer', 2, 1);
INSERT INTO konto (kontoart_id, kontonummer, name, kontenrahmen_id, steuer_id) VALUES (2, '5400', 'Wareneingang 16% Vorsteuer', 2, 1);
INSERT INTO konto (kontoart_id, kontonummer, name, kontenrahmen_id, steuer_id) VALUES (2, '6000', 'Löhne und Gehälter', 2, 1);
INSERT INTO konto (kontoart_id, kontonummer, name, kontenrahmen_id, steuer_id) VALUES (2, '6010', 'Löhne', 2, 1);
INSERT INTO konto (kontoart_id, kontonummer, name, kontenrahmen_id, steuer_id) VALUES (2, '6020', 'Gehälter', 2, 1);
INSERT INTO konto (kontoart_id, kontonummer, name, kontenrahmen_id, steuer_id) VALUES (2, '6050', 'Ehegattengehalt', 2, 1);
INSERT INTO konto (kontoart_id, kontonummer, name, kontenrahmen_id, steuer_id) VALUES (2, '6110', 'Gesetzliche soziale Aufwendungen', 2, 1);
INSERT INTO konto (kontoart_id, kontonummer, name, kontenrahmen_id, steuer_id) VALUES (2, '6120', 'Beiträge zur Berufsgenossenschaft', 2, 1);
INSERT INTO konto (kontoart_id, kontonummer, name, kontenrahmen_id, steuer_id) VALUES (2, '6030', 'Aushilfslöhne', 2, 1);
INSERT INTO konto (kontoart_id, kontonummer, name, kontenrahmen_id, steuer_id) VALUES (2, '6040', 'Lohnsteuer für Aushilfen', 2, 1);
INSERT INTO konto (kontoart_id, kontonummer, name, kontenrahmen_id, steuer_id) VALUES (2, '6305', 'Raumkosten', 2, 1);
INSERT INTO konto (kontoart_id, kontonummer, name, kontenrahmen_id, steuer_id) VALUES (2, '6310', 'Miete', 2, 1);
INSERT INTO konto (kontoart_id, kontonummer, name, kontenrahmen_id, steuer_id) VALUES (2, '6315', 'Pacht', 2, 1);
INSERT INTO konto (kontoart_id, kontonummer, name, kontenrahmen_id, steuer_id) VALUES (2, '6320', 'Heizung', 2, 1);
INSERT INTO konto (kontoart_id, kontonummer, name, kontenrahmen_id, steuer_id) VALUES (2, '6325', 'Gas, Strom, Wasser (Verwaltung, Vertrieb)', 2, 1);
INSERT INTO konto (kontoart_id, kontonummer, name, kontenrahmen_id, steuer_id) VALUES (2, '6330', 'Reinigung', 2, 1);
INSERT INTO konto (kontoart_id, kontonummer, name, kontenrahmen_id, steuer_id) VALUES (2, '6335', 'Instandhaltung betrieblicher Räume', 2, 1);
INSERT INTO konto (kontoart_id, kontonummer, name, kontenrahmen_id, steuer_id) VALUES (2, '6345', 'Sonstige Raumkkosten', 2, 1);
INSERT INTO konto (kontoart_id, kontonummer, name, kontenrahmen_id, steuer_id) VALUES (2, '6860', 'Nicht anrechenbare Vorsteuer', 2, 1);
INSERT INTO konto (kontoart_id, kontonummer, name, kontenrahmen_id, steuer_id) VALUES (2, '6400', 'Versicherungen', 2, 1);
INSERT INTO konto (kontoart_id, kontonummer, name, kontenrahmen_id, steuer_id) VALUES (2, '6420', 'Beiträge', 2, 1);
INSERT INTO konto (kontoart_id, kontonummer, name, kontenrahmen_id, steuer_id) VALUES (2, '6430', 'Sonstige Abgaben', 2, 1);
INSERT INTO konto (kontoart_id, kontonummer, name, kontenrahmen_id, steuer_id) VALUES (2, '6500', 'Fahrzeugkosten', 2, 1);
INSERT INTO konto (kontoart_id, kontonummer, name, kontenrahmen_id, steuer_id) VALUES (2, '7685', 'Kfz-Steuern', 2, 1);
INSERT INTO konto (kontoart_id, kontonummer, name, kontenrahmen_id, steuer_id) VALUES (2, '6520', 'Kfz-Versicherungen', 2, 1);
INSERT INTO konto (kontoart_id, kontonummer, name, kontenrahmen_id, steuer_id) VALUES (2, '6530', 'Laufende Kfz-Betriebskosten', 2, 1);
INSERT INTO konto (kontoart_id, kontonummer, name, kontenrahmen_id, steuer_id) VALUES (2, '6540', 'Kfz-Reparaturen', 2, 1);
INSERT INTO konto (kontoart_id, kontonummer, name, kontenrahmen_id, steuer_id) VALUES (2, '6550', 'Garagenmieten', 2, 1);
INSERT INTO konto (kontoart_id, kontonummer, name, kontenrahmen_id, steuer_id) VALUES (2, '6560', 'Fremdfahrzeuge', 2, 1);
INSERT INTO konto (kontoart_id, kontonummer, name, kontenrahmen_id, steuer_id) VALUES (2, '6570', 'Sonstige Kfz-Kosten', 2, 1);
INSERT INTO konto (kontoart_id, kontonummer, name, kontenrahmen_id, steuer_id) VALUES (2, '6600', 'Werbekosten', 2, 1);
INSERT INTO konto (kontoart_id, kontonummer, name, kontenrahmen_id, steuer_id) VALUES (2, '6630', 'Repräsentationskosten', 2, 1);
INSERT INTO konto (kontoart_id, kontonummer, name, kontenrahmen_id, steuer_id) VALUES (2, '6640', 'Bewirtungskosten', 2, 1);
INSERT INTO konto (kontoart_id, kontonummer, name, kontenrahmen_id, steuer_id) VALUES (2, '6650', 'Reisekosten Arbeitnehmer', 2, 1);
INSERT INTO konto (kontoart_id, kontonummer, name, kontenrahmen_id, steuer_id) VALUES (2, '6670', 'Reisekosten Unternehmer', 2, 1);
INSERT INTO konto (kontoart_id, kontonummer, name, kontenrahmen_id, steuer_id) VALUES (2, '6710', 'Verpackungmaterial', 2, 1);
INSERT INTO konto (kontoart_id, kontonummer, name, kontenrahmen_id, steuer_id) VALUES (2, '6780', 'Fremdarbeiten', 2, 1);
INSERT INTO konto (kontoart_id, kontonummer, name, kontenrahmen_id, steuer_id) VALUES (2, '6460', 'Reparaturen und Instandhaltung von techn. Anlagen', 2, 1);
INSERT INTO konto (kontoart_id, kontonummer, name, kontenrahmen_id, steuer_id) VALUES (2, '6470', 'Reparaturen und Instandhaltung BGA', 2, 1);
INSERT INTO konto (kontoart_id, kontonummer, name, kontenrahmen_id, steuer_id) VALUES (2, '6490', 'Sonstige Reparaturen und Instandhaltungen', 2, 1);
INSERT INTO konto (kontoart_id, kontonummer, name, kontenrahmen_id, steuer_id) VALUES (2, '6840', 'Mietleasing', 2, 1);
INSERT INTO konto (kontoart_id, kontonummer, name, kontenrahmen_id, steuer_id) VALUES (2, '6250', 'Kaufleasing', 2, 1);
INSERT INTO konto (kontoart_id, kontonummer, name, kontenrahmen_id, steuer_id) VALUES (2, '6268', 'Abschreibungen auf Aufwendungen für Ingangsetzung', 2, 1);
INSERT INTO konto (kontoart_id, kontonummer, name, kontenrahmen_id, steuer_id) VALUES (2, '6260', 'Sofortabschreibung GWG''s', 2, 1);
INSERT INTO konto (kontoart_id, kontonummer, name, kontenrahmen_id, steuer_id) VALUES (2, '6300', 'Sonstige betriebliche Aufwendungen', 2, 1);
INSERT INTO konto (kontoart_id, kontonummer, name, kontenrahmen_id, steuer_id) VALUES (2, '6800', 'Porto', 2, 1);
INSERT INTO konto (kontoart_id, kontonummer, name, kontenrahmen_id, steuer_id) VALUES (2, '6805', 'Telefon', 2, 1);
INSERT INTO konto (kontoart_id, kontonummer, name, kontenrahmen_id, steuer_id) VALUES (2, '6815', 'Bürobedarf', 2, 1);
INSERT INTO konto (kontoart_id, kontonummer, name, kontenrahmen_id, steuer_id) VALUES (2, '6820', 'Zeitschriften, Bücher', 2, 1);
INSERT INTO konto (kontoart_id, kontonummer, name, kontenrahmen_id, steuer_id) VALUES (2, '6825', 'Rechts- und Beratungskosten', 2, 1);
INSERT INTO konto (kontoart_id, kontonummer, name, kontenrahmen_id, steuer_id) VALUES (2, '6830', 'Buchführungskosten', 2, 1);
INSERT INTO konto (kontoart_id, kontonummer, name, kontenrahmen_id, steuer_id) VALUES (2, '6855', 'Kosten des Geldverkehrs', 2, 1);
INSERT INTO konto (kontoart_id, kontonummer, name, kontenrahmen_id, steuer_id) VALUES (2, '6850', 'Betriebsbedarf', 2, 1);
INSERT INTO konto (kontoart_id, kontonummer, name, kontenrahmen_id, steuer_id) VALUES (2, '6845', 'Werkzeuge und Kleingeräte', 2, 1);
INSERT INTO konto (kontoart_id, kontonummer, name, kontenrahmen_id, steuer_id) VALUES (1, '4100', 'Steuerfreie Umsätze', 2, 6);
INSERT INTO konto (kontoart_id, kontonummer, name, kontenrahmen_id, steuer_id) VALUES (1, '4200', 'Erlöse', 2, 3);
INSERT INTO konto (kontoart_id, kontonummer, name, kontenrahmen_id, steuer_id) VALUES (1, '4300', 'Erlöse 7% Umsatzsteuer', 2, 4);
INSERT INTO konto (kontoart_id, kontonummer, name, kontenrahmen_id, steuer_id) VALUES (1, '4400', 'Erlöse 16% Umsatzsteuer', 2, 3);
INSERT INTO konto (kontoart_id, kontonummer, name, kontenrahmen_id, steuer_id) VALUES (1, '4855', 'Erlöse aus Anlagenverkäufen', 2, 3);
INSERT INTO konto (kontoart_id, kontonummer, name, kontenrahmen_id, steuer_id) VALUES (1, '4600', 'Eigenverbrauch', 2, 3);
INSERT INTO konto (kontoart_id, kontonummer, name, kontenrahmen_id, steuer_id) VALUES (1, '4695', 'Umsatzsteuervergütungen', 2, 6);
